Y, Y, U, C, K, X, T, I, S, W, P, T, M, T, W
R, J, A, M, Q, S, M, E, M, E, M, A, R, C, H
A, U, R, D, U, T, P, Y, A, D, S, R, U, H, T
U, N, A, G, R, T, U, O, L, N, E, E, J, M, S
R, E, U, P, E, U, C, E, R, E, P, Y, A, M, N
B, A, Q, M, R, T, T, E, S, S, M, Q, N, U, G
E, Z, B, P, O, I, B, A, Y, D, R, M, U, U, W
F, E, V, B, A, M, L, E, S, A, A, U, A, H, Y
R, D, E, C, E, M, B, E, R, Y, D, Y, R, N, A
S, R, N, V, Y, A, D, N, U, S, J, N, Y, C, D
A, H, O, Q, Q, H, D, K, P, U, T, G, O, Z, I
O, N, A, A, D, Y, Q, E, L, U, T, A, W, M, R
O, B, O, D, N, K, F, Y, J, I, O, E, L, P, F
Q, S, R, I, F, P, H, Z, B, H, C, G, O, W, F
R, E, U, L, A, H, I, N, E, Z, T, S, H, T, H